DATE,DPSACBW027SBOG
1973-01-03,613.6740
1973-01-10,596.5820
1973-01-17,597.5670
1973-01-24,589.7440
1973-01-31,596.4237
1973-02-07,589.6323
1973-02-14,598.0715
1973-02-21,602.8889
1973-02-28,605.0901
1973-03-07,601.0552
1973-03-14,603.5650
1973-03-21,600.7131
1973-03-28,602.8270
1973-04-04,611.8441
1973-04-11,609.5075
1973-04-18,613.5123
1973-04-25,610.2352
1973-05-02,618.5577
1973-05-09,609.6577
1973-05-16,618.2803
1973-05-23,609.5717
1973-05-30,618.2061
1973-06-06,618.4702
1973-06-13,620.4688
1973-06-20,624.7969
1973-06-27,621.1174
1973-07-04,639.5762
1973-07-11,628.1800
1973-07-18,628.7554
1973-07-25,625.4915
1973-08-01,637.2462
1973-08-08,628.0646
1973-08-15,637.7280
1973-08-22,625.7115
1973-08-29,624.4741
1973-09-05,640.1014
1973-09-12,639.8646
1973-09-19,636.7047
1973-09-26,635.6065
1973-10-03,643.4137
1973-10-10,648.4812
1973-10-17,643.5954
1973-10-24,647.9977
1973-10-31,652.1992
1973-11-07,656.2916
1973-11-14,651.3275
1973-11-21,643.6987
1973-11-28,644.5062
1973-12-05,651.7244
1973-12-12,658.2506
1973-12-19,663.0310
1973-12-26,660.0372
1974-01-02,689.3648
1974-01-09,666.9471
1974-01-16,669.5766
1974-01-23,656.9467
1974-01-30,658.5890
1974-02-06,659.8819
1974-02-13,666.9213
1974-02-20,667.8986
1974-02-27,658.7378
1974-03-06,665.6631
1974-03-13,663.6496
1974-03-20,666.6847
1974-03-27,667.5668
1974-04-03,680.3197
1974-04-10,682.5193
1974-04-17,691.3169
1974-04-24,676.3064
1974-05-01,691.1074
1974-05-08,681.7000
1974-05-15,691.6687
1974-05-22,681.9791
1974-05-29,690.0212
1974-06-05,691.4011
1974-06-12,691.4014
1974-06-19,696.6982
1974-06-26,695.9736
1974-07-03,708.6569
1974-07-10,699.3452
1974-07-17,699.8275
1974-07-24,692.8034
1974-07-31,703.2174
1974-08-07,697.0845
1974-08-14,697.6658
1974-08-21,693.0215
1974-08-28,694.9699
1974-09-04,712.4026
1974-09-11,705.0534
1974-09-18,703.1354
1974-09-25,699.5223
1974-10-02,709.5540
1974-10-09,703.0902
1974-10-16,723.9379
1974-10-23,704.4454
1974-10-30,707.4228
1974-11-06,718.9553
1974-11-13,717.9984
1974-11-20,708.8640
1974-11-27,718.0412
1974-12-04,721.0786
1974-12-11,721.4542
1974-12-18,729.3080
1974-12-25,730.1555
1975-01-01,753.5499
1975-01-08,728.5152
1975-01-15,727.2110
1975-01-22,712.4560
1975-01-29,706.2484
1975-02-05,717.1175
1975-02-12,711.6505
1975-02-19,720.1816
1975-02-26,708.6568
1975-03-05,724.7185
1975-03-12,722.3470
1975-03-19,719.8013
1975-03-26,718.1165
1975-04-02,731.2359
1975-04-09,730.7828
1975-04-16,738.6779
1975-04-23,725.1053
1975-04-30,733.3154
1975-05-07,726.3097
1975-05-14,729.7402
1975-05-21,725.3990
1975-05-28,733.7044
1975-06-04,741.4717
1975-06-11,741.5639
1975-06-18,746.4154
1975-06-25,735.6800
1975-07-02,749.5789
1975-07-09,744.8001
1975-07-16,744.1027
1975-07-23,733.0216
1975-07-30,733.6645
1975-08-06,739.5192
1975-08-13,735.0904
1975-08-20,733.5203
1975-08-27,732.5510
1975-09-03,750.4091
1975-09-10,742.6930
1975-09-17,744.5503
1975-09-24,733.1110
1975-10-01,751.8020
1975-10-08,747.5067
1975-10-15,764.6091
1975-10-22,744.5445
1975-10-29,742.5657
1975-11-05,760.7220
1975-11-12,765.5467
1975-11-19,745.6263
1975-11-26,756.8532
1975-12-03,759.3452
1975-12-10,756.9431
1975-12-17,766.5389
1975-12-24,763.1448
1975-12-31,789.0402
1976-01-07,772.5482
1976-01-14,765.5741
1976-01-21,758.4560
1976-01-28,749.5301
1976-02-04,762.2192
1976-02-11,756.3592
1976-02-18,773.9918
1976-02-25,749.7338
1976-03-03,764.7208
1976-03-10,763.2884
1976-03-17,767.9590
1976-03-24,759.8254
1976-03-31,775.8387
1976-04-07,774.7969
1976-04-14,779.0500
1976-04-21,772.7426
1976-04-28,763.9317
1976-05-05,773.6414
1976-05-12,768.3078
1976-05-19,765.4677
1976-05-26,765.2235
1976-06-02,785.6915
1976-06-09,772.8218
1976-06-16,792.9600
1976-06-23,778.2602
1976-06-30,799.0553
1976-07-07,800.4915
1976-07-14,788.8458
1976-07-21,784.2212
1976-07-28,775.6453
1976-08-04,787.4198
1976-08-11,779.8966
1976-08-18,779.1698
1976-08-25,773.6296
1976-09-01,786.6615
1976-09-08,792.5224
1976-09-15,800.2506
1976-09-22,783.5248
1976-09-29,788.6837
1976-10-06,801.8938
1976-10-13,806.4437
1976-10-20,796.9101
1976-10-27,791.6714
1976-11-03,810.8653
1976-11-10,797.6116
1976-11-17,802.3603
1976-11-24,802.8079
1976-12-01,818.9741
1976-12-08,809.3546
1976-12-15,834.6771
1976-12-22,829.0268
1976-12-29,827.2896
1977-01-05,840.3640
1977-01-12,827.7429
1977-01-19,821.9244
1977-01-26,808.8364
1977-02-02,818.1160
1977-02-09,808.1173
1977-02-16,815.4877
1977-02-23,818.4261
1977-03-02,824.8473
1977-03-09,817.6071
1977-03-16,836.1461
1977-03-23,821.4569
1977-03-30,829.8814
1977-04-06,845.3862
1977-04-13,844.6575
1977-04-20,842.5966
1977-04-27,833.9397
1977-05-04,843.0648
1977-05-11,833.2394
1977-05-18,841.1756
1977-05-25,834.1654
1977-06-01,862.6131
1977-06-08,847.5767
1977-06-15,872.9558
1977-06-22,849.2834
1977-06-29,852.4690
1977-07-06,878.5322
1977-07-13,862.5410
1977-07-20,863.8822
1977-07-27,856.0727
1977-08-03,868.0766
1977-08-10,857.6688
1977-08-17,861.3872
1977-08-24,851.2508
1977-08-31,870.6822
1977-09-07,876.8690
1977-09-14,875.9572
1977-09-21,867.2151
1977-09-28,868.4126
1977-10-05,889.8486
1977-10-12,891.4039
1977-10-19,878.6790
1977-10-26,871.7250
1977-11-02,884.0707
1977-11-09,892.9847
1977-11-16,897.5080
1977-11-23,883.0870
1977-11-30,895.9138
1977-12-07,893.0627
1977-12-14,905.4845
1977-12-21,913.6859
1977-12-28,920.7391
1978-01-04,935.3243
1978-01-11,909.4566
1978-01-18,909.1370
1978-01-25,893.2275
1978-02-01,906.2070
1978-02-08,902.0076
1978-02-15,909.9500
1978-02-22,911.9351
1978-03-01,918.9650
1978-03-08,907.5605
1978-03-15,928.3153
1978-03-22,914.4511
1978-03-29,915.2289
1978-04-05,944.9586
1978-04-12,935.3385
1978-04-19,941.2651
1978-04-26,929.4823
1978-05-03,938.8622
1978-05-10,930.4581
1978-05-17,934.4730
1978-05-24,926.1455
1978-05-31,965.7386
1978-06-07,946.8891
1978-06-14,954.9970
1978-06-21,953.6549
1978-06-28,949.6545
1978-07-05,987.7458
1978-07-12,961.2287
1978-07-19,957.4325
1978-07-26,947.6683
1978-08-02,959.9208
1978-08-09,950.5985
1978-08-16,962.5205
1978-08-23,947.2190
1978-08-30,953.3963
1978-09-06,982.1028
1978-09-13,972.6321
1978-09-20,974.0637
1978-09-27,969.6848
1978-10-04,987.1839
1978-10-11,985.7044
1978-10-18,977.0205
1978-10-25,971.5061
1978-11-01,987.4189
1978-11-08,995.3275
1978-11-15,996.7886
1978-11-22,985.0126
1978-11-29,979.4295
1978-12-06,994.7210
1978-12-13,997.2028
1978-12-20,1008.6334
1978-12-27,1016.3311
1979-01-03,999.8746
1979-01-10,1001.2143
1979-01-17,999.9160
1979-01-24,999.7379
1979-01-31,1000.3256
1979-02-07,995.6950
1979-02-14,991.4223
1979-02-21,1003.6789
1979-02-28,1007.9723
1979-03-07,992.7777
1979-03-14,1000.5480
1979-03-21,1000.7130
1979-03-28,1003.9603
1979-04-04,1008.5024
1979-04-11,1010.9187
1979-04-18,1005.5877
1979-04-25,1010.7947
1979-05-02,1008.8125
1979-05-09,1005.2121
1979-05-16,1012.2792
1979-05-23,1006.8210
1979-05-30,1010.5297
1979-06-06,1004.9980
1979-06-13,1016.6931
1979-06-20,1022.8567
1979-06-27,1026.6883
1979-07-04,1030.8942
1979-07-11,1035.2839
1979-07-18,1027.1688
1979-07-25,1040.3830
1979-08-01,1035.4635
1979-08-08,1025.2975
1979-08-15,1032.0865
1979-08-22,1030.4877
1979-08-29,1029.9786
1979-09-05,1050.4869
1979-09-12,1048.8594
1979-09-19,1062.5001
1979-09-26,1056.3693
1979-10-03,1066.4205
1979-10-10,1071.6904
1979-10-17,1056.0403
1979-10-24,1065.1005
1979-10-31,1065.9148
1979-11-07,1061.8695
1979-11-14,1077.9323
1979-11-21,1074.9352
1979-11-28,1063.1317
1979-12-05,1075.5074
1979-12-12,1078.0950
1979-12-19,1070.1696
1979-12-26,1065.9019
1980-01-02,1075.2589
1980-01-09,1074.9295
1980-01-16,1079.7028
1980-01-23,1081.4050
1980-01-30,1071.5667
1980-02-06,1085.9912
1980-02-13,1087.4071
1980-02-20,1091.1407
1980-02-27,1080.4650
1980-03-05,1091.7061
1980-03-12,1093.3168
1980-03-19,1097.5707
1980-03-26,1090.8305
1980-04-02,1095.2733
1980-04-09,1097.4183
1980-04-16,1093.8580
1980-04-23,1099.2939
1980-04-30,1106.1384
1980-05-07,1097.2281
1980-05-14,1101.5861
1980-05-21,1100.9348
1980-05-28,1102.5674
1980-06-04,1098.9269
1980-06-11,1105.6385
1980-06-18,1103.4044
1980-06-25,1108.1412
1980-07-02,1105.1685
1980-07-09,1113.1612
1980-07-16,1118.6479
1980-07-23,1119.1764
1980-07-30,1105.6410
1980-08-06,1114.6507
1980-08-13,1113.6739
1980-08-20,1126.0053
1980-08-27,1122.5468
1980-09-03,1136.5192
1980-09-10,1128.1322
1980-09-17,1138.9690
1980-09-24,1137.6210
1980-10-01,1146.3042
1980-10-08,1140.2580
1980-10-15,1164.6178
1980-10-22,1154.3134
1980-10-29,1150.8327
1980-11-05,1173.1302
1980-11-12,1189.2110
1980-11-19,1167.5396
1980-11-26,1184.8130
1980-12-03,1177.3492
1980-12-10,1181.6160
1980-12-17,1175.2484
1980-12-24,1192.2334
1980-12-31,1194.5712
1981-01-07,1192.2306
1981-01-14,1195.7372
1981-01-21,1192.8102
1981-01-28,1193.8786
1981-02-04,1200.4903
1981-02-11,1200.6497
1981-02-18,1205.7286
1981-02-25,1198.3923
1981-03-04,1208.5136
1981-03-11,1210.9482
1981-03-18,1211.3477
1981-03-25,1211.0125
1981-04-01,1223.7110
1981-04-08,1214.3567
1981-04-15,1234.1805
1981-04-22,1226.5328
1981-04-29,1221.5249
1981-05-06,1227.5705
1981-05-13,1231.9931
1981-05-20,1231.8114
1981-05-27,1245.8515
1981-06-03,1234.5723
1981-06-10,1252.2680
1981-06-17,1244.5072
1981-06-24,1256.4356
1981-07-01,1251.7318
1981-07-08,1242.9782
1981-07-15,1261.4488
1981-07-22,1249.4055
1981-07-29,1233.0575
1981-08-05,1264.5590
1981-08-12,1260.3399
1981-08-19,1257.8953
1981-08-26,1264.9986
1981-09-02,1254.3702
1981-09-09,1266.3454
1981-09-16,1276.6050
1981-09-23,1268.1350
1981-09-30,1289.7147
1981-10-07,1223.7982
1981-10-14,1233.6807
1981-10-21,1226.5057
1981-10-28,1229.8253
1981-11-04,1237.3556
1981-11-11,1235.5422
1981-11-18,1237.7704
1981-11-25,1253.9617
1981-12-02,1251.4882
1981-12-09,1244.5259
1981-12-16,1247.8975
1981-12-23,1259.2354
1981-12-30,1239.5410
1982-01-06,1253.5569
1982-01-13,1253.5954
1982-01-20,1255.0906
1982-01-27,1258.9019
1982-02-03,1260.7549
1982-02-10,1254.5546
1982-02-17,1265.4717
1982-02-24,1255.7402
1982-03-03,1267.5170
1982-03-10,1263.7278
1982-03-17,1266.7527
1982-03-24,1271.9150
1982-03-31,1278.8660
1982-04-07,1280.0474
1982-04-14,1277.8534
1982-04-21,1276.2228
1982-04-28,1273.8067
1982-05-05,1284.2610
1982-05-12,1287.9997
1982-05-19,1285.4624
1982-05-26,1290.5588
1982-06-02,1301.2771
1982-06-09,1292.9271
1982-06-16,1290.5460
1982-06-23,1293.4307
1982-06-30,1302.8517
1982-07-07,1306.7435
1982-07-14,1302.3747
1982-07-21,1304.9689
1982-07-28,1313.6944
1982-08-04,1317.9072
1982-08-11,1315.4791
1982-08-18,1312.7209
1982-08-25,1327.5811
1982-09-01,1336.3003
1982-09-08,1332.6601
1982-09-15,1343.2133
1982-09-22,1333.1308
1982-09-29,1321.8930
1982-10-06,1334.8025
1982-10-13,1343.9141
1982-10-20,1342.7393
1982-10-27,1349.8290
1982-11-03,1359.7451
1982-11-10,1338.7853
1982-11-17,1341.4476
1982-11-24,1357.1148
1982-12-01,1358.8214
1982-12-08,1357.9811
1982-12-15,1370.8690
1982-12-22,1372.8874
1982-12-29,1359.2760
1983-01-05,1372.4573
1983-01-12,1382.5240
1983-01-19,1376.6457
1983-01-26,1392.2491
1983-02-02,1392.7285
1983-02-09,1389.7119
1983-02-16,1380.9984
1983-02-23,1404.2564
1983-03-02,1414.4653
1983-03-09,1397.4926
1983-03-16,1408.5886
1983-03-23,1407.8092
1983-03-30,1406.8663
1983-04-06,1412.8081
1983-04-13,1409.9705
1983-04-20,1412.1999
1983-04-27,1414.5715
1983-05-04,1419.4602
1983-05-11,1424.6855
1983-05-18,1418.1324
1983-05-25,1421.1567
1983-06-01,1439.7075
1983-06-08,1424.9425
1983-06-15,1437.7178
1983-06-22,1430.7975
1983-06-29,1424.1531
1983-07-06,1444.3855
1983-07-13,1435.1971
1983-07-20,1435.0473
1983-07-27,1447.3588
1983-08-03,1440.7102
1983-08-10,1440.5208
1983-08-17,1437.6558
1983-08-24,1446.4340
1983-08-31,1442.4299
1983-09-07,1449.2088
1983-09-14,1447.2257
1983-09-21,1453.3660
1983-09-28,1442.3359
1983-10-05,1460.6712
1983-10-12,1468.1842
1983-10-19,1452.0973
1983-10-26,1469.8960
1983-11-02,1459.7977
1983-11-09,1464.2048
1983-11-16,1471.0233
1983-11-23,1477.4027
1983-11-30,1474.1016
1983-12-07,1476.6827
1983-12-14,1475.7741
1983-12-21,1478.0128
1983-12-28,1478.5251
1984-01-04,1496.6082
1984-01-11,1495.4333
1984-01-18,1476.1257
1984-01-25,1488.9335
1984-02-01,1492.4017
1984-02-08,1485.3301
1984-02-15,1491.1134
1984-02-22,1491.2078
1984-02-29,1500.5409
1984-03-07,1495.4311
1984-03-14,1509.2893
1984-03-21,1503.7681
1984-03-28,1506.6139
1984-04-04,1516.2472
1984-04-11,1518.0133
1984-04-18,1511.6862
1984-04-25,1522.8191
1984-05-02,1522.0700
1984-05-09,1530.6868
1984-05-16,1541.9836
1984-05-23,1543.6477
1984-05-30,1531.3089
1984-06-06,1546.5811
1984-06-13,1540.5262
1984-06-20,1550.2948
1984-06-27,1545.2520
1984-07-04,1561.6486
1984-07-11,1558.2331
1984-07-18,1553.0560
1984-07-25,1566.4666
1984-08-01,1564.2521
1984-08-08,1561.8491
1984-08-15,1572.2214
1984-08-22,1562.4140
1984-08-29,1550.7714
1984-09-05,1572.2340
1984-09-12,1569.2038
1984-09-19,1573.1158
1984-09-26,1572.1225
1984-10-03,1577.4956
1984-10-10,1589.9253
1984-10-17,1563.0429
1984-10-24,1590.1235
1984-10-31,1583.9074
1984-11-07,1589.6888
1984-11-14,1598.2423
1984-11-21,1596.7702
1984-11-28,1580.8372
1984-12-05,1608.1402
1984-12-12,1609.5803
1984-12-19,1607.3965
1984-12-26,1619.1068
1985-01-02,1618.4305
1985-01-09,1610.0913
1985-01-16,1618.4778
1985-01-23,1622.5393
1985-01-30,1614.6794
1985-02-06,1623.6434
1985-02-13,1627.6153
1985-02-20,1636.4484
1985-02-27,1638.4305
1985-03-06,1637.4201
1985-03-13,1639.7739
1985-03-20,1645.9736
1985-03-27,1648.9986
1985-04-03,1659.9637
1985-04-10,1661.622
1985-04-17,1655.445
1985-04-24,1662.9379
1985-05-01,1675.485
1985-05-08,1668.3799
1985-05-15,1686.6102
1985-05-22,1676.0293
1985-05-29,1671.2407
1985-06-05,1680.8414
1985-06-12,1689.1644
1985-06-19,1686.9796
1985-06-26,1692.446
1985-07-03,1687.2599
1985-07-10,1692.1914
1985-07-17,1687.4472
1985-07-24,1704.4603
1985-07-31,1700.323
1985-08-07,1704.6263
1985-08-14,1701.064
1985-08-21,1709.2427
1985-08-28,1705.6101
1985-09-04,1727.5398
1985-09-11,1711.4173
1985-09-18,1723.4523
1985-09-25,1718.6095
1985-10-02,1735.8393
1985-10-09,1720.4828
1985-10-16,1739.4538
1985-10-23,1733.7093
1985-10-30,1730.5274
1985-11-06,1732.1059
1985-11-13,1744.1001
1985-11-20,1737.6103
1985-11-27,1756.0836
1985-12-04,1755.1653
1985-12-11,1761.6721
1985-12-18,1754.1442
1985-12-25,1765.779
1986-01-01,1768.8598
1986-01-08,1763.3919
1986-01-15,1766.1635
1986-01-22,1767.7893
1986-01-29,1753.0431
1986-02-05,1771.0315
1986-02-12,1760.9982
1986-02-19,1774.4036
1986-02-26,1765.5857
1986-03-05,1783.0723
1986-03-12,1779.3324
1986-03-19,1778.7556
1986-03-26,1785.7037
1986-04-02,1791.7941
1986-04-09,1788.996
1986-04-16,1793.6685
1986-04-23,1799.9379
1986-04-30,1803.0016
1986-05-07,1799.9295
1986-05-14,1801.3865
1986-05-21,1800.7416
1986-05-28,1816.4361
1986-06-04,1809.485
1986-06-11,1814.9611
1986-06-18,1806.1638
1986-06-25,1826.2977
1986-07-02,1825.647
1986-07-09,1832.0429
1986-07-16,1839.4826
1986-07-23,1839.2785
1986-07-30,1833.0072
1986-08-06,1844.6188
1986-08-13,1842.8327
1986-08-20,1856.0161
1986-08-27,1865.0544
1986-09-03,1869.5716
1986-09-10,1852.0765
1986-09-17,1866.7497
1986-09-24,1863.1004
1986-10-01,1885.6453
1986-10-08,1862.939
1986-10-15,1890.2866
1986-10-22,1869.2414
1986-10-29,1867.4046
1986-11-05,1880.6507
1986-11-12,1902.8118
1986-11-19,1876.3575
1986-11-26,1908.3822
1986-12-03,1900.3422
1986-12-10,1912.2195
1986-12-17,1906.4285
1986-12-24,1937.8747
1986-12-31,1951.6867
1987-01-07,1924.9024
1987-01-14,1908.6442
1987-01-21,1920.831
1987-01-28,1924.0288
1987-02-04,1919.1108
1987-02-11,1913.5181
1987-02-18,1922.3142
1987-02-25,1920.4313
1987-03-04,1932.0508
1987-03-11,1931.4145
1987-03-18,1928.209
1987-03-25,1933.0689
1987-04-01,1953.7736
1987-04-08,1932.2841
1987-04-15,1970.2774
1987-04-22,1947.6534
1987-04-29,1935.3286
1987-05-06,1940.7435
1987-05-13,1939.8137
1987-05-20,1952.5715
1987-05-27,1965.4288
1987-06-03,1943.348
1987-06-10,1955.9271
1987-06-17,1942.151
1987-06-24,1965.2499
1987-07-01,1968.5969
1987-07-08,1943.7841
1987-07-15,1970.8268
1987-07-22,1954.6559
1987-07-29,1948.6
1987-08-05,1964.6296
1987-08-12,1964.6649
1987-08-19,1959.9394
1987-08-26,1966.6035
1987-09-02,1952.1254
1987-09-09,1963.1154
1987-09-16,1971.4695
1987-09-23,1965.5543
1987-09-30,1975.504
1987-10-07,1961.9228
1987-10-14,1977.1779
1987-10-21,1983.0353
1987-10-28,1996.8339
1987-11-04,1992.1212
1987-11-11,1985.2137
1987-11-18,1977.6337
1987-11-25,1989.0098
1987-12-02,1979.2759
1987-12-09,1985.219
1987-12-16,1993.6662
1987-12-23,1998.261
1987-12-30,1965.4896
1988-01-06,1996.4365
1988-01-13,1994.7056
1988-01-20,2006.1946
1988-01-27,2002.5183
1988-02-03,2003.805
1988-02-10,2007.0942
1988-02-17,2016.2766
1988-02-24,1995.6906
1988-03-02,2012.393
1988-03-09,2007.2231
1988-03-16,2025.2644
1988-03-23,2024.0177
1988-03-30,2007.8151
1988-04-06,2025.1597
1988-04-13,2015.6608
1988-04-20,2030.831
1988-04-27,2032.1513
1988-05-04,2044.1743
1988-05-11,2044.3989
1988-05-18,2039.1877
1988-05-25,2043.3484
1988-06-01,2070.0416
1988-06-08,2051.3376
1988-06-15,2080.2789
1988-06-22,2063.826
1988-06-29,2041.5275
1988-07-06,2076.7572
1988-07-13,2061.3569
1988-07-20,2069.8212
1988-07-27,2077.1564
1988-08-03,2074.1013
1988-08-10,2075.3911
1988-08-17,2071.6561
1988-08-24,2083.6454
1988-08-31,2070.5874
1988-09-07,2082.5685
1988-09-14,2081.9134
1988-09-21,2083.891
1988-09-28,2070.2865
1988-10-05,2092.1802
1988-10-12,2097.3724
1988-10-19,2085.3963
1988-10-26,2099.2979
1988-11-02,2103.3623
1988-11-09,2091.5479
1988-11-16,2111.5834
1988-11-23,2113.4102
1988-11-30,2111.0672
1988-12-07,2117.8846
1988-12-14,2117.4628
1988-12-21,2112.3833
1988-12-28,2108.7184
1989-01-04,2130.1455
1989-01-11,2128.2583
1989-01-18,2121.4395
1989-01-25,2123.4514
1989-02-01,2139.1181
1989-02-08,2123.4313
1989-02-15,2131.8436
1989-02-22,2132.1085
1989-03-01,2164.9591
1989-03-08,2132.0771
1989-03-15,2167.7436
1989-03-22,2144.1794
1989-03-29,2137.0454
1989-04-05,2158.3206
1989-04-12,2149.3294
1989-04-19,2150.8139
1989-04-26,2160.0758
1989-05-03,2152.1422
1989-05-10,2154.3884
1989-05-17,2152.6779
1989-05-24,2159.2104
1989-05-31,2164.9152
1989-06-07,2158.4429
1989-06-14,2151.7986
1989-06-21,2160.9333
1989-06-28,2151.8003
1989-07-05,2184.623
1989-07-12,2177.8849
1989-07-19,2173.8018
1989-07-26,2186.6795
1989-08-02,2185.8023
1989-08-09,2185.936
1989-08-16,2188.9121
1989-08-23,2191.0263
1989-08-30,2176.7867
1989-09-06,2199.8703
1989-09-13,2189.6826
1989-09-20,2204.0501
1989-09-27,2199.1897
1989-10-04,2211.2649
1989-10-11,2215.6067
1989-10-18,2214.5236
1989-10-25,2229.2571
1989-11-01,2244.9515
1989-11-08,2221.4208
1989-11-15,2242.6327
1989-11-22,2237.2706
1989-11-29,2213.9668
1989-12-06,2234.6641
1989-12-13,2233.9438
1989-12-20,2246.1911
1989-12-27,2243.8933
1990-01-03,2252.8115
1990-01-10,2256.6865
1990-01-17,2264.9854
1990-01-24,2247.6434
1990-01-31,2254.7353
1990-02-07,2254.8916
1990-02-14,2248.1923
1990-02-21,2264.888
1990-02-28,2265.4347
1990-03-07,2255.7531
1990-03-14,2265.7401
1990-03-21,2261.5677
1990-03-28,2268.2995
1990-04-04,2274.6562
1990-04-11,2275.6353
1990-04-18,2266.9541
1990-04-25,2278.3939
1990-05-02,2274.2996
1990-05-09,2275.0157
1990-05-16,2282.8331
1990-05-23,2288.8915
1990-05-30,2276.5066
1990-06-06,2287.5625
1990-06-13,2287.39
1990-06-20,2297.6318
1990-06-27,2304.6516
1990-07-04,2312.6757
1990-07-11,2306.4003
1990-07-18,2306.4457
1990-07-25,2317.8282
1990-08-01,2326.4122
1990-08-08,2309.7042
1990-08-15,2338.3954
1990-08-22,2318.6502
1990-08-29,2303.0678
1990-09-05,2329.4729
1990-09-12,2309.7067
1990-09-19,2319.827
1990-09-26,2323.0462
1990-10-03,2326.4238
1990-10-10,2331.3683
1990-10-17,2306.4211
1990-10-24,2325.5137
1990-10-31,2324.0248
1990-11-07,2314.9174
1990-11-14,2333.8944
1990-11-21,2329.8853
1990-11-28,2310.0382
1990-12-05,2333.6554
1990-12-12,2334.3161
1990-12-19,2330.024
1990-12-26,2343.2509
1991-01-02,2357.3304
1991-01-09,2349.157
1991-01-16,2337.8327
1991-01-23,2371.191
1991-01-30,2353.016
1991-02-06,2373.5893
1991-02-13,2371.119
1991-02-20,2388.2895
1991-02-27,2378.8665
1991-03-06,2385.0112
1991-03-13,2396.8181
1991-03-20,2394.8759
1991-03-27,2410.9316
1991-04-03,2396.296
1991-04-10,2404.9159
1991-04-17,2398.1242
1991-04-24,2409.5341
1991-05-01,2430.6382
1991-05-08,2409.749
1991-05-15,2436.2765
1991-05-22,2420.078
1991-05-29,2410.8011
1991-06-05,2422.5577
1991-06-12,2431.246
1991-06-19,2419.2834
1991-06-26,2445.8248
1991-07-03,2421.7519
1991-07-10,2430.3035
1991-07-17,2428.3049
1991-07-24,2447.1722
1991-07-31,2446.2705
1991-08-07,2446.3653
1991-08-14,2444.802
1991-08-21,2454.6261
1991-08-28,2452.0712
1991-09-04,2463.0154
1991-09-11,2435.0294
1991-09-18,2452.0418
1991-09-25,2462.5874
1991-10-02,2464.4801
1991-10-09,2437.4239
1991-10-16,2465.2596
1991-10-23,2458.1084
1991-10-30,2448.6836
1991-11-06,2454.293
1991-11-13,2474.2869
1991-11-20,2460.1378
1991-11-27,2484.145
1991-12-04,2467.183
1991-12-11,2473.6254
1991-12-18,2453.4159
1991-12-25,2483.2462
1992-01-01,2452.0669
1992-01-08,2466.922
1992-01-15,2482.5235
1992-01-22,2484.9106
1992-01-29,2479.4993
1992-02-05,2492.4766
1992-02-12,2484.6405
1992-02-19,2484.542
1992-02-26,2477.0454
1992-03-04,2495.6822
1992-03-11,2496.6388
1992-03-18,2485.0387
1992-03-25,2502.875
1992-04-01,2516.3194
1992-04-08,2483.4453
1992-04-15,2522.3548
1992-04-22,2485.6262
1992-04-29,2468.0283
1992-05-06,2481.8808
1992-05-13,2482.0129
1992-05-20,2487.5049
1992-05-27,2488.341
1992-06-03,2469.5664
1992-06-10,2487.3451
1992-06-17,2471.0484
1992-06-24,2492.818
1992-07-01,2497.857
1992-07-08,2466.2878
1992-07-15,2499.6383
1992-07-22,2486.0021
1992-07-29,2466.4478
1992-08-05,2486.1612
1992-08-12,2485.7997
1992-08-19,2478.3999
1992-08-26,2490.0045
1992-09-02,2478.3361
1992-09-09,2488.7282
1992-09-16,2499.7968
1992-09-23,2485.1196
1992-09-30,2491.1924
1992-10-07,2485.5328
1992-10-14,2506.97
1992-10-21,2497.6197
1992-10-28,2497.4995
1992-11-04,2504.2625
1992-11-11,2508.5348
1992-11-18,2477.4292
1992-11-25,2513.1146
1992-12-02,2496.52
1992-12-09,2499.1739
1992-12-16,2497.3961
1992-12-23,2512.4692
1992-12-30,2481.8667
1993-01-06,2490.6968
1993-01-13,2491.2034
1993-01-20,2489.6529
1993-01-27,2489.1274
1993-02-03,2491.003
1993-02-10,2496.2676
1993-02-17,2498.5436
1993-02-24,2480.1898
1993-03-03,2497.9647
1993-03-10,2489.3278
1993-03-17,2488.9377
1993-03-24,2503.7891
1993-03-31,2496.4737
1993-04-07,2499.4118
1993-04-14,2497.5595
1993-04-21,2485.0876
1993-04-28,2506.9316
1993-05-05,2520.3559
1993-05-12,2526.0532
1993-05-19,2509.71
1993-05-26,2523.4696
1993-06-02,2528.8324
1993-06-09,2533.3971
1993-06-16,2524.7977
1993-06-23,2529.095
1993-06-30,2510.8069
1993-07-07,2535.8254
1993-07-14,2526.6959
1993-07-21,2513.1513
1993-07-28,2509.5641
1993-08-04,2518.9609
1993-08-11,2520.8044
1993-08-18,2503.8548
1993-08-25,2522.9609
1993-09-01,2534.6328
1993-09-08,2512.2946
1993-09-15,2563.0349
1993-09-22,2509.773
1993-09-29,2512.5403
1993-10-06,2514.9274
1993-10-13,2520.2334
1993-10-20,2513.2057
1993-10-27,2522.026
1993-11-03,2523.8489
1993-11-10,2519.999
1993-11-17,2510.2732
1993-11-24,2530.5567
1993-12-01,2550.0245
1993-12-08,2534.946
1993-12-15,2564.0967
1993-12-22,2530.9699
1993-12-29,2504.2764
1994-01-05,2521.9569
1994-01-12,2535.9459
1994-01-19,2535.434
1994-01-26,2542.5288
1994-02-02,2529.9306
1994-02-09,2531.9789
1994-02-16,2523.8886
1994-02-23,2523.9168
1994-03-02,2531.3927
1994-03-09,2512.7503
1994-03-16,2524.9145
1994-03-23,2521.042
1994-03-30,2507.669
1994-04-06,2512.3998
1994-04-13,2506.6442
1994-04-20,2499.6541
1994-04-27,2509.605
1994-05-04,2513.7974
1994-05-11,2523.8809
1994-05-18,2504.7782
1994-05-25,2524.7537
1994-06-01,2534.9553
1994-06-08,2513.0022
1994-06-15,2539.1511
1994-06-22,2508.1122
1994-06-29,2494.7266
1994-07-06,2527.1221
1994-07-13,2522.3623
1994-07-20,2520.6242
1994-07-27,2527.7812
1994-08-03,2516.6848
1994-08-10,2522.1058
1994-08-17,2516.1581
1994-08-24,2532.6755
1994-08-31,2519.4066
1994-09-07,2523.5949
1994-09-14,2522.6064
1994-09-21,2523.5545
1994-09-28,2520.7386
1994-10-05,2530.5796
1994-10-12,2535.5994
1994-10-19,2515.7927
1994-10-26,2534.8081
1994-11-02,2524.91
1994-11-09,2516.9402
1994-11-16,2528.3724
1994-11-23,2539.6647
1994-11-30,2517.6264
1994-12-07,2532.822
1994-12-14,2526.2186
1994-12-21,2529.1687
1994-12-28,2534.3946
1995-01-04,2551.4977
1995-01-11,2537.3662
1995-01-18,2538.8154
1995-01-25,2544.4313
1995-02-01,2556.7396
1995-02-08,2535.2206
1995-02-15,2545.6993
1995-02-22,2542.5539
1995-03-01,2564.954
1995-03-08,2536.9094
1995-03-15,2570.8295
1995-03-22,2545.147
1995-03-29,2536.4691
1995-04-05,2546.8347
1995-04-12,2548.821
1995-04-19,2547.6316
1995-04-26,2566.7167
1995-05-03,2559.4635
1995-05-10,2567.7792
1995-05-17,2563.6308
1995-05-24,2580.0984
1995-05-31,2581.1426
1995-06-07,2592.0348
1995-06-14,2589.212
1995-06-21,2592.8425
1995-06-28,2579.8519
1995-07-05,2611.4976
1995-07-12,2608.4281
1995-07-19,2605.4829
1995-07-26,2634.4986
1995-08-02,2622.8959
1995-08-09,2622.4329
1995-08-16,2624.4153
1995-08-23,2632.6093
1995-08-30,2605.7791
1995-09-06,2636.6762
1995-09-13,2618.092
1995-09-20,2637.2395
1995-09-27,2634.7663
1995-10-04,2642.4353
1995-10-11,2648.3737
1995-10-18,2621.3364
1995-10-25,2648.9033
1995-11-01,2662.5749
1995-11-08,2630.6307
1995-11-15,2650.8669
1995-11-22,2643.1733
1995-11-29,2607.9784
1995-12-06,2644.4194
1995-12-13,2638.1276
1995-12-20,2650.9064
1995-12-27,2653.8877
1996-01-03,2684.469
1996-01-10,2683.4303
1996-01-17,2687.2866
1996-01-24,2668.5129
1996-01-31,2684.5426
1996-02-07,2676.8304
1996-02-14,2673.794
1996-02-21,2684.4849
1996-02-28,2669.6771
1996-03-06,2683.8788
1996-03-13,2692.1717
1996-03-20,2696.9021
1996-03-27,2694.6354
1996-04-03,2704.3136
1996-04-10,2698.1982
1996-04-17,2695.8468
1996-04-24,2714.0216
1996-05-01,2715.0433
1996-05-08,2711.5936
1996-05-15,2735.1749
1996-05-22,2723.6424
1996-05-29,2705.914
1996-06-05,2724.0694
1996-06-12,2719.0364
1996-06-19,2720.598
1996-06-26,2731.7325
1996-07-03,2723.2547
1996-07-10,2732.3018
1996-07-17,2733.7374
1996-07-24,2744.8108
1996-07-31,2742.8923
1996-08-07,2738.5565
1996-08-14,2743.033
1996-08-21,2746.5437
1996-08-28,2743.0962
1996-09-04,2773.7532
1996-09-11,2738.3043
1996-09-18,2768.461
1996-09-25,2772.9956
1996-10-02,2784.8272
1996-10-09,2770.4567
1996-10-16,2815.3139
1996-10-23,2807.998
1996-10-30,2783.3307
1996-11-06,2793.0783
1996-11-13,2814.1971
1996-11-20,2789.9329
1996-11-27,2831.7704
1996-12-04,2825.1589
1996-12-11,2828.7842
1996-12-18,2810.5708
1996-12-25,2851.825
1997-01-01,2854.4182
1997-01-08,2842.7536
1997-01-15,2841.85
1997-01-22,2854.8015
1997-01-29,2843.3455
1997-02-05,2864.0367
1997-02-12,2857.5163
1997-02-19,2876.5288
1997-02-26,2861.3052
1997-03-05,2893.1945
1997-03-12,2890.244
1997-03-19,2883.8091
1997-03-26,2903.9276
1997-04-02,2895.8074
1997-04-09,2907.4252
1997-04-16,2918.0512
1997-04-23,2915.2008
1997-04-30,2927.7856
1997-05-07,2917.5091
1997-05-14,2920.6853
1997-05-21,2916.4182
1997-05-28,2936.8484
1997-06-04,2931.3505
1997-06-11,2947.5569
1997-06-18,2945.2656
1997-06-25,2980.6716
1997-07-02,2968.0451
1997-07-09,2977.1694
1997-07-16,2984.7592
1997-07-23,2993.0632
1997-07-30,2979.8004
1997-08-06,3002.2515
1997-08-13,2994.3585
1997-08-20,3015.6772
1997-08-27,3016.2772
1997-09-03,3041.9011
1997-09-10,2997.2029
1997-09-17,3024.9582
1997-09-24,3023.5997
1997-10-01,3064.08
1997-10-08,3028.1498
1997-10-15,3061.6294
1997-10-22,3040.9534
1997-10-29,3041.2469
1997-11-05,3058.9792
1997-11-12,3090.5231
1997-11-19,3039.0392
1997-11-26,3087.6206
1997-12-03,3069.1448
1997-12-10,3079.8348
1997-12-17,3073.513
1997-12-24,3097.0252
1997-12-31,3074.4935
1998-01-07,3083.8521
1998-01-14,3073.8076
1998-01-21,3090.6168
1998-01-28,3080.3662
1998-02-04,3099.7142
1998-02-11,3108.3084
1998-02-18,3126.9242
1998-02-25,3118.0708
1998-03-04,3146.0551
1998-03-11,3152.4411
1998-03-18,3150.4197
1998-03-25,3168.9276
1998-04-01,3197.8952
1998-04-08,3160.9124
1998-04-15,3182.741
1998-04-22,3152.1748
1998-04-29,3136.1653
1998-05-06,3157.2552
1998-05-13,3169.1594
1998-05-20,3162.922
1998-05-27,3182.3246
1998-06-03,3171.5903
1998-06-10,3202.3128
1998-06-17,3183.6663
1998-06-24,3199.0134
1998-07-01,3209.6046
1998-07-08,3169.7817
1998-07-15,3198.5786
1998-07-22,3189.6556
1998-07-29,3181.5819
1998-08-05,3216.5865
1998-08-12,3209.6794
1998-08-19,3208.6213
1998-08-26,3223.5384
1998-09-02,3230.1144
1998-09-09,3229.2681
1998-09-16,3237.0388
1998-09-23,3236.3949
1998-09-30,3259.3265
1998-10-07,3241.9371
1998-10-14,3270.8557
1998-10-21,3261.2447
1998-10-28,3267.4997
1998-11-04,3276.6426
1998-11-11,3283.8238
1998-11-18,3278.714
1998-11-25,3312.1034
1998-12-02,3292.6765
1998-12-09,3294.8604
1998-12-16,3290.1746
1998-12-23,3304.3144
1998-12-30,3283.092
1999-01-06,3313.5203
1999-01-13,3303.748
1999-01-20,3317.2572
1999-01-27,3305.3648
1999-02-03,3315.7091
1999-02-10,3310.0612
1999-02-17,3328.0435
1999-02-24,3296.5513
1999-03-03,3333.471
1999-03-10,3318.9694
1999-03-17,3322.4995
1999-03-24,3319.7135
1999-03-31,3327.0031
1999-04-07,3315.2791
1999-04-14,3339.393
1999-04-21,3326.9564
1999-04-28,3322.9225
1999-05-05,3338.2726
1999-05-12,3337.9054
1999-05-19,3331.869
1999-05-26,3338.5369
1999-06-02,3349.2521
1999-06-09,3337.6849
1999-06-16,3337.4877
1999-06-23,3358.4484
1999-06-30,3349.4766
1999-07-07,3362.5476
1999-07-14,3364.2379
1999-07-21,3349.795
1999-07-28,3344.8396
1999-08-04,3350.7741
1999-08-11,3350.9468
1999-08-18,3346.8236
1999-08-25,3363.8991
1999-09-01,3368.677
1999-09-08,3357.5684
1999-09-15,3373.9129
1999-09-22,3378.0402
1999-09-29,3376.5003
1999-10-06,3389.5267
1999-10-13,3395.3
1999-10-20,3393.6975
1999-10-27,3405.5388
1999-11-03,3415.5568
1999-11-10,3412.0597
1999-11-17,3415.1816
1999-11-24,3455.6583
1999-12-01,3465.5596
1999-12-08,3464.4327
1999-12-15,3489.4692
1999-12-22,3488.4313
1999-12-29,3458.8085
2000-01-05,3466.4555
2000-01-12,3473.0264
2000-01-19,3488.7511
2000-01-26,3489.5253
2000-02-02,3488.9717
2000-02-09,3491.6675
2000-02-16,3490.4086
2000-02-23,3505.9591
2000-03-01,3531.0968
2000-03-08,3505.527
2000-03-15,3541.3447
2000-03-22,3532.4649
2000-03-29,3500.476
2000-04-05,3546.0175
2000-04-12,3540.1109
2000-04-19,3564.3785
2000-04-26,3573.021
2000-05-03,3564.0695
2000-05-10,3574.2365
2000-05-17,3565.0892
2000-05-24,3577.5585
2000-05-31,3583.1922
2000-06-07,3593.5922
2000-06-14,3600.6537
2000-06-21,3604.8709
2000-06-28,3576.2341
2000-07-05,3626.6048
2000-07-12,3613.865
2000-07-19,3620.3843
2000-07-26,3638.3984
2000-08-02,3633.6016
2000-08-09,3646.7512
2000-08-16,3654.255
2000-08-23,3670.7141
2000-08-30,3641.143
2000-09-06,3677.7947
2000-09-13,3640.9803
2000-09-20,3688.222
2000-09-27,3663.5279
2000-10-04,3676.719
2000-10-11,3683.5207
2000-10-18,3661.5193
2000-10-25,3684.6065
2000-11-01,3689.0942
2000-11-08,3664.8007
2000-11-15,3675.4953
2000-11-22,3691.5397
2000-11-29,3643.7788
2000-12-06,3698.2481
2000-12-13,3701.7397
2000-12-20,3721.2006
2000-12-27,3739.6561
2001-01-03,3779.0157
2001-01-10,3757.1057
2001-01-17,3765.288
2001-01-24,3736.0634
2001-01-31,3765.0172
2001-02-07,3751.4444
2001-02-14,3761.0902
2001-02-21,3783.1736
2001-02-28,3800.6011
2001-03-07,3784.5585
2001-03-14,3811.9475
2001-03-21,3790.3749
2001-03-28,3818.0143
2001-04-04,3840.2305
2001-04-11,3837.1807
2001-04-18,3842.5427
2001-04-25,3858.993
2001-05-02,3835.9464
2001-05-09,3837.339
2001-05-16,3864.0953
2001-05-23,3887.3244
2001-05-30,3891.1881
2001-06-06,3877.5148
2001-06-13,3884.4645
2001-06-20,3874.6178
2001-06-27,3880.7887
2001-07-04,3913.9919
2001-07-11,3886.4438
2001-07-18,3875.1627
2001-07-25,3901.9115
2001-08-01,3928.0652
2001-08-08,3895.7837
2001-08-15,3904.2293
2001-08-22,3908.4615
2001-08-29,3904.2198
2001-09-05,3961.4894
2001-09-12,4178.4654
2001-09-19,4028.9151
2001-09-26,3989.1454
2001-10-03,3994.4789
2001-10-10,3989.8307
2001-10-17,3968.0366
2001-10-24,3991.0016
2001-10-31,4013.7535
2001-11-07,3990.9974
2001-11-14,4063.4731
2001-11-21,4032.5712
2001-11-28,4010.0752
2001-12-05,4069.2062
2001-12-12,4082.0916
2001-12-19,4069.9961
2001-12-26,4086.9627
2002-01-02,4085.606
2002-01-09,4092.474
2002-01-16,4066.8227
2002-01-23,4113.18
2002-01-30,4100.2927
2002-02-06,4118.5544
2002-02-13,4121.8342
2002-02-20,4136.456
2002-02-27,4118.3733
2002-03-06,4125.6624
2002-03-13,4129.5874
2002-03-20,4134.7082
2002-03-27,4168.5409
2002-04-03,4148.5142
2002-04-10,4150.0549
2002-04-17,4140.9501
2002-04-24,4133.1964
2002-05-01,4165.4187
2002-05-08,4157.9835
2002-05-15,4185.2193
2002-05-22,4172.333
2002-05-29,4159.6284
2002-06-05,4158.5095
2002-06-12,4162.0964
2002-06-19,4166.748
2002-06-26,4205.5571
2002-07-03,4196.3998
2002-07-10,4190.9736
2002-07-17,4215.0854
2002-07-24,4228.2415
2002-07-31,4228.7075
2002-08-07,4225.9663
2002-08-14,4251.6275
2002-08-21,4249.4177
2002-08-28,4259.0401
2002-09-04,4295.808
2002-09-11,4234.9822
2002-09-18,4266.5053
2002-09-25,4283.7854
2002-10-02,4331.9873
2002-10-09,4302.1243
2002-10-16,4346.4931
2002-10-23,4339.9691
2002-10-30,4343.2569
2002-11-06,4344.6227
2002-11-13,4368.2474
2002-11-20,4337.7331
2002-11-27,4387.2948
2002-12-04,4360.4674
2002-12-11,4351.4259
2002-12-18,4337.5373
2002-12-25,4376.4231
2003-01-01,4333.0923
2003-01-08,4343.5135
2003-01-15,4381.6917
2003-01-22,4392.4936
2003-01-29,4389.3803
2003-02-05,4427.73
2003-02-12,4416.7038
2003-02-19,4417.6733
2003-02-26,4403.7605
2003-03-05,4447.9834
2003-03-12,4441.9961
2003-03-19,4436.9947
2003-03-26,4434.2181
2003-04-02,4449.8406
2003-04-09,4411.6941
2003-04-16,4435.3482
2003-04-23,4455.6308
2003-04-30,4513.6379
2003-05-07,4473.2705
2003-05-14,4509.5823
2003-05-21,4486.3425
2003-05-28,4511.0993
2003-06-04,4515.5098
2003-06-11,4533.0137
2003-06-18,4530.1844
2003-06-25,4562.289
2003-07-02,4570.8962
2003-07-09,4562.4117
2003-07-16,4587.5224
2003-07-23,4599.1069
2003-07-30,4590.8253
2003-08-06,4621.5355
2003-08-13,4633.751
2003-08-20,4612.643
2003-08-27,4607.9895
2003-09-03,4642.4353
2003-09-10,4569.1914
2003-09-17,4599.3814
2003-09-24,4620.4017
2003-10-01,4631.4123
2003-10-08,4561.7724
2003-10-15,4600.6632
2003-10-22,4579.3693
2003-10-29,4558.0361
2003-11-05,4592.0499
2003-11-12,4628.6067
2003-11-19,4571.7279
2003-11-26,4628.6381
2003-12-03,4597.9476
2003-12-10,4625.5497
2003-12-17,4619.8358
2003-12-24,4648.6399
2003-12-31,4629.9568
2004-01-07,4646.316
2004-01-14,4658.9128
2004-01-21,4658.6726
2004-01-28,4669.6536
2004-02-04,4689.6365
2004-02-11,4700.3997
2004-02-18,4723.8475
2004-02-25,4711.3498
2004-03-03,4749.8209
2004-03-10,4749.0011
2004-03-17,4764.2883
2004-03-24,4798.0465
2004-03-31,4793.652
2004-04-07,4799.5218
2004-04-14,4821.2876
2004-04-21,4825.3274
2004-04-28,4832.5203
2004-05-05,4890.798
2004-05-12,4904.9304
2004-05-19,4908.2258
2004-05-26,4912.586
2004-06-02,4916.4678
2004-06-09,4940.5101
2004-06-16,4929.4286
2004-06-23,4961.8445
2004-06-30,4937.7893
2004-07-07,4979.2733
2004-07-14,4991.9079
2004-07-21,4995.534
2004-07-28,4992.4101
2004-08-04,5001.3078
2004-08-11,5002.1946
2004-08-18,4981.5783
2004-08-25,5024.1126
2004-09-01,5038.4976
2004-09-08,5021.751
2004-09-15,5049.4926
2004-09-22,5063.7446
2004-09-29,5034.0934
2004-10-06,5050.2336
2004-10-13,5067.471
2004-10-20,5071.9409
2004-10-27,5084.2956
2004-11-03,5094.4264
2004-11-10,5102.5546
2004-11-17,5106.2164
2004-11-24,5158.3441
2004-12-01,5162.2342
2004-12-08,5145.8612
2004-12-15,5168.6268
2004-12-22,5170.2529
2004-12-29,5130.6889
2005-01-05,5175.1886
2005-01-12,5192.1959
2005-01-19,5203.9205
2005-01-26,5192.8213
2005-02-02,5206.4641
2005-02-09,5206.8633
2005-02-16,5198.029
2005-02-23,5261.0517
2005-03-02,5237.2937
2005-03-09,5227.6445
2005-03-16,5254.8237
2005-03-23,5263.832
2005-03-30,5254.0122
2005-04-06,5277.9593
2005-04-13,5297.4943
2005-04-20,5293.1058
2005-04-27,5285.1326
2005-05-04,5285.2776
2005-05-11,5302.0036
2005-05-18,5287.914
2005-05-25,5330.7988
2005-06-01,5354.8404
2005-06-08,5362.7706
2005-06-15,5378.213
2005-06-22,5389.7657
2005-06-29,5353.3016
2005-07-06,5387.7562
2005-07-13,5382.5016
2005-07-20,5412.5002
2005-07-27,5414.97
2005-08-03,5425.7916
2005-08-10,5432.3124
2005-08-17,5463.8955
2005-08-24,5500.9453
2005-08-31,5498.1203
2005-09-07,5500.9905
2005-09-14,5509.745
2005-09-21,5505.3903
2005-09-28,5507.12
2005-10-05,5518.1582
2005-10-12,5545.4786
2005-10-19,5524.7459
2005-10-26,5541.1759
2005-11-02,5542.1558
2005-11-09,5531.5962
2005-11-16,5552.8999
2005-11-23,5582.894
2005-11-30,5564.8796
2005-12-07,5575.3602
2005-12-14,5580.2509
2005-12-21,5601.7068
2005-12-28,5607.5059
2006-01-04,5655.1375
2006-01-11,5621.5637
2006-01-18,5628.5507
2006-01-25,5646.1736
2006-02-01,5663.753
2006-02-08,5646.6013
2006-02-15,5679.2026
2006-02-22,5682.6504
2006-03-01,5710.9809
2006-03-08,5675.4719
2006-03-15,5725.4121
2006-03-22,5719.1816
2006-03-29,5711.1677
2006-04-05,5747.3292
2006-04-12,5775.1589
2006-04-19,5772.6922
2006-04-26,5785.3582
2006-05-03,5787.1576
2006-05-10,5774.1077
2006-05-17,5772.4594
2006-05-24,5799.4299
2006-05-31,5813.9217
2006-06-07,5798.0112
2006-06-14,5820.8862
2006-06-21,5824.308
2006-06-28,5821.8068
2006-07-05,5867.0451
2006-07-12,5865.5767
2006-07-19,5864.4893
2006-07-26,5851.9846
2006-08-02,5860.0754
2006-08-09,5834.817
2006-08-16,5878.1569
2006-08-23,5916.4679
2006-08-30,5880.5346
2006-09-06,5924.4909
2006-09-13,5917.3749
2006-09-20,5908.4603
2006-09-27,5911.1782
2006-10-04,6026.0906
2006-10-11,6032.7156
2006-10-18,6003.0971
2006-10-25,6023.6072
2006-11-01,6042.3935
2006-11-08,6030.2703
2006-11-15,6066.2539
2006-11-22,6098.7182
2006-11-29,6066.2141
2006-12-06,6095.6928
2006-12-13,6098.0715
2006-12-20,6100.8464
2006-12-27,6103.2182
2007-01-03,6127.8064
2007-01-10,6120.2382
2007-01-17,6150.0831
2007-01-24,6148.6536
2007-01-31,6163.1475
2007-02-07,6150.0905
2007-02-14,6175.0053
2007-02-21,6181.5092
2007-02-28,6219.529
2007-03-07,6209.1336
2007-03-14,6176.4781
2007-03-21,6177.7786
2007-03-28,6212.8974
2007-04-04,6250.9425
2007-04-11,6257.2773
2007-04-18,6268.0149
2007-04-25,6285.6368
2007-05-02,6285.7331
2007-05-09,6283.0872
2007-05-16,6294.9851
2007-05-23,6314.4755
2007-05-30,6273.462
2007-06-06,6281.3899
2007-06-13,6279.5212
2007-06-20,6279.827
2007-06-27,6304.8174
2007-07-04,6331.3288
2007-07-11,6315.6297
2007-07-18,6303.5585
2007-07-25,6338.9417
2007-08-01,6364.7335
2007-08-08,6353.1286
2007-08-15,6396.9133
2007-08-22,6408.5463
2007-08-29,6379.0952
2007-09-05,6442.1179
2007-09-12,6432.778
2007-09-19,6442.0551
2007-09-26,6458.6468
2007-10-03,6462.5615
2007-10-10,6482.9786
2007-10-17,6556.6184
2007-10-24,6632.3534
2007-10-31,6656.0896
2007-11-07,6642.5907
2007-11-14,6711.2846
2007-11-21,6676.4917
2007-11-28,6644.2743
2007-12-05,6692.2081
2007-12-12,6665.4323
2007-12-19,6663.067
2007-12-26,6684.4781
2008-01-02,6696.8244
2008-01-09,6683.5829
2008-01-16,6696.7489
2008-01-23,6725.2297
2008-01-30,6726.7795
2008-02-06,6772.3642
2008-02-13,6777.477
2008-02-20,6793.1598
2008-02-27,6758.351
2008-03-05,6813.3831
2008-03-12,6831.1509
2008-03-19,6851.3461
2008-03-26,6827.8274
2008-04-02,6843.1269
2008-04-09,6843.5825
2008-04-16,6871.4191
2008-04-23,6878.1839
2008-04-30,6823.1801
2008-05-07,6795.2261
2008-05-14,6838.8816
2008-05-21,6852.964
2008-05-28,6839.038
2008-06-04,6844.8518
2008-06-11,6862.1274
2008-06-18,6851.6403
2008-06-25,6870.7765
2008-07-02,6843.9714
2008-07-09,6849.8034
2008-07-16,6897.494
2008-07-23,6884.132
2008-07-30,6828.0376
2008-08-06,6858.3356
2008-08-13,6858.1515
2008-08-20,6871.8638
2008-08-27,6874.912
2008-09-03,6911.843
2008-09-10,6906.3397
2008-09-17,7107.0971
2008-09-24,7109.9329
2008-10-01,7254.5852
2008-10-08,7153.2636
2008-10-15,7168.3865
2008-10-22,7136.8738
2008-10-29,7089.6668
2008-11-05,7106.7765
2008-11-12,7110.8908
2008-11-19,7032.297
2008-11-26,7106.9828
2008-12-03,7125.2532
2008-12-10,7213.6814
2008-12-17,7220.694
2008-12-24,7252.9548
2008-12-31,7237.8882
2009-01-07,7243.157
2009-01-14,7281.4447
2009-01-21,7297.9288
2009-01-28,7259.6314
2009-02-04,7267.1807
2009-02-11,7255.4567
2009-02-18,7252.3688
2009-02-25,7255.5299
2009-03-04,7283.6976
2009-03-11,7290.2819
2009-03-18,7261.6303
2009-03-25,7320.2367
2009-04-01,7324.4693
2009-04-08,7300.3292
2009-04-15,7327.6812
2009-04-22,7340.0322
2009-04-29,7364.4119
2009-05-06,7417.8786
2009-05-13,7454.724
2009-05-20,7441.1333
2009-05-27,7461.8129
2009-06-03,7487.3226
2009-06-10,7515.574
2009-06-17,7533.5311
2009-06-24,7524.1929
2009-07-01,7505.6454
2009-07-08,7484.2035
2009-07-15,7508.5556
2009-07-22,7492.1345
2009-07-29,7483.9355
2009-08-05,7536.8814
2009-08-12,7537.0057
2009-08-19,7505.4009
2009-08-26,7541.5482
2009-09-02,7543.3782
2009-09-09,7556.9427
2009-09-16,7557.1836
2009-09-23,7565.3898
2009-09-30,7554.2114
2009-10-07,7564.627
2009-10-14,7628.1816
2009-10-21,7595.5468
2009-10-28,7582.0478
2009-11-04,7653.0683
2009-11-11,7648.4086
2009-11-18,7631.3561
2009-11-25,7705.6447
2009-12-02,7704.1044
2009-12-09,7707.8858
2009-12-16,7700.8283
2009-12-23,7716.2162
2009-12-30,7650.4584
2010-01-06,7665.2108
2010-01-13,7670.9457
2010-01-20,7673.7069
2010-01-27,7688.4855
2010-02-03,7695.6673
2010-02-10,7685.4683
2010-02-17,7725.0766
2010-02-24,7699.9702
2010-03-03,7697.5413
2010-03-10,7679.6421
2010-03-17,7704.4057
2010-03-24,7696.0833
2010-03-31,7691.5121
2010-04-07,7672.1842
2010-04-14,7704.4545
2010-04-21,7702.933
2010-04-28,7702.9442
2010-05-05,7695.7151
2010-05-12,7689.0861
2010-05-19,7660.1938
2010-05-26,7671.5562
2010-06-02,7671.47
2010-06-09,7685.9506
2010-06-16,7683.3691
2010-06-23,7707.4977
2010-06-30,7680.4324
2010-07-07,7691.4075
2010-07-14,7729.6879
2010-07-21,7726.5418
2010-07-28,7738.7625
2010-08-04,7762.7794
2010-08-11,7762.3759
2010-08-18,7733.5057
2010-08-25,7801.9275
2010-09-01,7797.4303
2010-09-08,7804.2274
2010-09-15,7815.1582
2010-09-22,7783.245
2010-09-29,7775.084
2010-10-06,7812.2993
2010-10-13,7826.3701
2010-10-20,7839.3208
2010-10-27,7859.315
2010-11-03,7861.6987
2010-11-10,7868.5498
2010-11-17,7895.9408
2010-11-24,7905.131
2010-12-01,7882.2031
2010-12-08,7879.0931
2010-12-15,7878.4929
2010-12-22,7869.6607
2010-12-29,7848.8243
2011-01-05,7884.4236
2011-01-12,7903.0793
2011-01-19,7883.4622
2011-01-26,7910.1658
2011-02-02,7898.8377
2011-02-09,7913.9257
2011-02-16,7927.6874
2011-02-23,7959.1949
2011-03-02,7976.1914
2011-03-09,7981.7853
2011-03-16,7988.5821
2011-03-23,8001.2801
2011-03-30,7996.0116
2011-04-06,8046.8883
2011-04-13,8055.7189
2011-04-20,8075.3181
2011-04-27,8095.1164
2011-05-04,8139.1027
2011-05-11,8163.1768
2011-05-18,8131.2227
2011-05-25,8191.0571
2011-06-01,8203.5232
2011-06-08,8157.5136
2011-06-15,8167.2806
2011-06-22,8226.4475
2011-06-29,8220.4996
2011-07-06,8256.4664
2011-07-13,8260.8606
2011-07-20,8236.9545
2011-07-27,8323.7554
2011-08-03,8351.2331
2011-08-10,8351.6108
2011-08-17,8348.8442
2011-08-24,8353.4321
2011-08-31,8353.0754
2011-09-07,8358.3537
2011-09-14,8379.8208
2011-09-21,8382.7854
2011-09-28,8390.1826
2011-10-05,8391.7467
2011-10-12,8369.1104
2011-10-19,8349.0186
2011-10-26,8383.8719
2011-11-02,8409.2987
2011-11-09,8392.1932
2011-11-16,8402.3473
2011-11-23,8393.2623
2011-11-30,8404.2749
2011-12-07,8412.1868
2011-12-14,8435.2891
2011-12-21,8402.9406
2011-12-28,8435.8699
2012-01-04,8488.8288
2012-01-11,8484.4625
2012-01-18,8457.2724
2012-01-25,8479.1055
2012-02-01,8555.245
2012-02-08,8559.5733
2012-02-15,8554.8981
2012-02-22,8543.1557
2012-02-29,8574.6455
2012-03-07,8584.9792
2012-03-14,8629.543
2012-03-21,8602.7664
2012-03-28,8595.1651
2012-04-04,8651.0252
2012-04-11,8638.6548
2012-04-18,8613.0191
2012-04-25,8661.0341
2012-05-02,8674.724
2012-05-09,8673.6888
2012-05-16,8682.0755
2012-05-23,8677.5718
2012-05-30,8636.8255
2012-06-06,8731.6754
2012-06-13,8746.0642
2012-06-20,8706.9299
2012-06-27,8744.9671
2012-07-04,8792.0027
2012-07-11,8787.8236
2012-07-18,8771.8556
2012-07-25,8843.9817
2012-08-01,8827.4303
2012-08-08,8865.4577
2012-08-15,8872.7346
2012-08-22,8880.5193
2012-08-29,8874.0304
2012-09-05,8920.5065
2012-09-12,8907.8569
2012-09-19,8898.7775
2012-09-26,8944.8262
2012-10-03,8980.2465
2012-10-10,8970.5489
2012-10-17,8978.0252
2012-10-24,8985.3698
2012-10-31,9053.6815
2012-11-07,9087.8751
2012-11-14,9133.2381
2012-11-21,9109.1014
2012-11-28,9104.6391
2012-12-05,9187.5252
2012-12-12,9202.8048
2012-12-19,9240.6998
2012-12-26,9307.5575
2013-01-02,9325.7693
2013-01-09,9257.3378
2013-01-16,9246.9118
2013-01-23,9256.1511
2013-01-30,9241.5265
2013-02-06,9269.1486
2013-02-13,9272.9616
2013-02-20,9244.3369
2013-02-27,9266.2053
2013-03-06,9286.2045
2013-03-13,9310.0761
2013-03-20,9304.2718
2013-03-27,9392.4782
2013-04-03,9363.907
2013-04-10,9350.1106
2013-04-17,9363.4639
2013-04-24,9354.4721
2013-05-01,9384.7044
2013-05-08,9362.0069
2013-05-15,9391.9139
2013-05-22,9402.4284
2013-05-29,9389.7885
2013-06-05,9429.8294
2013-06-12,9447.4638
2013-06-19,9400.4204
2013-06-26,9431.817
2013-07-03,9442.4998
2013-07-10,9449.5788
2013-07-17,9505.3727
2013-07-24,9508.8982
2013-07-31,9513.813
2013-08-07,9506.6534
2013-08-14,9536.3404
2013-08-21,9522.1289
2013-08-28,9556.0545
2013-09-04,9563.2955
2013-09-11,9559.9134
2013-09-18,9587.2844
2013-09-25,9628.4039
2013-10-02,9657.6532
2013-10-09,9642.0689
2013-10-16,9725.6244
2013-10-23,9697.1511
2013-10-30,9694.7374
2013-11-06,9676.135
2013-11-13,9704.9683
2013-11-20,9716.0156
2013-11-27,9776.3611
2013-12-04,9768.4913
2013-12-11,9776.2269
2013-12-18,9774.0116
2013-12-25,9848.8993
2014-01-01,9846.4766
2014-01-08,9838.27
2014-01-15,9865.8521
2014-01-22,9882.5048
2014-01-29,9877.6457
2014-02-05,9888.0157
2014-02-12,9929.1149
2014-02-19,9960.1298
2014-02-26,9916.1409
2014-03-05,9968.7583
2014-03-12,9990.8627
2014-03-19,10005.793
2014-03-26,10000.4668
2014-04-02,10011.9765
2014-04-09,10064.8792
2014-04-16,10069.5655
2014-04-23,10077.3119
2014-04-30,10144.323
2014-05-07,10110.2096
2014-05-14,10130.7614
2014-05-21,10150.4478
2014-05-28,10167.9069
2014-06-04,10154.0323
2014-06-11,10160.9656
2014-06-18,10139.104
2014-06-25,10197.1455
2014-07-02,10185.4284
2014-07-09,10213.4508
2014-07-16,10237.1786
2014-07-23,10235.4432
2014-07-30,10212.983
2014-08-06,10183.7792
2014-08-13,10184.2708
2014-08-20,10223.7441
2014-08-27,10256.142
2014-09-03,10327.6399
2014-09-10,10309.8838
2014-09-17,10334.3055
2014-09-24,10364.6012
2014-10-01,10314.0732
2014-10-08,10274.2144
2014-10-15,10302.0445
2014-10-22,10307.8484
2014-10-29,10272.8158
2014-11-05,10318.3765
2014-11-12,10389.4532
2014-11-19,10346.5129
2014-11-26,10444.0189
2014-12-03,10422.9656
2014-12-10,10473.2248
2014-12-17,10477.0381
2014-12-24,10489.1554
2014-12-31,10471.3033
2015-01-07,10504.6282
2015-01-14,10505.3018
2015-01-21,10511.9436
2015-01-28,10538.9824
2015-02-04,10579.1064
2015-02-11,10588.6288
2015-02-18,10615.4522
2015-02-25,10674.4497
2015-03-04,10662.7829
2015-03-11,10670.7796
2015-03-18,10658.0612
2015-03-25,10669.5384
2015-04-01,10723.9304
2015-04-08,10681.2188
2015-04-15,10699.2653
2015-04-22,10652.5667
2015-04-29,10656.261
2015-05-06,10655.543
2015-05-13,10726.3353
2015-05-20,10692.4649
2015-05-27,10734.6727
2015-06-03,10710.9421
2015-06-10,10712.4141
2015-06-17,10739.0809
2015-06-24,10781.2152
2015-07-01,10779.5388
2015-07-08,10765.0287
2015-07-15,10792.8703
2015-07-22,10812.6951
2015-07-29,10761.7962
2015-08-05,10800.9474
2015-08-12,10811.5263
2015-08-19,10838.8097
2015-08-26,10880.3719
2015-09-02,10859.9502
2015-09-09,10874.8697
2015-09-16,10854.3179
2015-09-23,10860.4149
2015-09-30,10873.1237
2015-10-07,10880.1318
2015-10-14,10894.4691
2015-10-21,10928.7986
2015-10-28,10952.4932
2015-11-04,10972.8572
2015-11-11,10968.6937
2015-11-18,10944.6474
2015-11-25,10979.2631
2015-12-02,10934.8397
2015-12-09,10952.4714
2015-12-16,10927.0118
2015-12-23,10952.8742
2015-12-30,10874.9434
2016-01-06,10951.2329
2016-01-13,10953.232
2016-01-20,10959.7136
2016-01-27,10966.5003
2016-02-03,10979.5452
2016-02-10,10992.8309
2016-02-17,11019.2516
2016-02-24,11037.1134
2016-03-02,11068.4014
2016-03-09,11086.7538
2016-03-16,11075.6582
2016-03-23,11117.4742
2016-03-30,11076.5636
2016-04-06,11123.8523
2016-04-13,11149.8953
2016-04-20,11165.7001
2016-04-27,11145.2115
2016-05-04,11184.7438
2016-05-11,11182.023
2016-05-18,11172.9202
2016-05-25,11200.8401
2016-06-01,11226.4627
2016-06-08,11263.1294
2016-06-15,11283.8041
2016-06-22,11262.7515
2016-06-29,11247.217
2016-07-06,11282.8928
2016-07-13,11278.992
2016-07-20,11272.7999
2016-07-27,11280.7424
2016-08-03,11353.2061
2016-08-10,11348.1824
2016-08-17,11393.1785
2016-08-24,11380.7331
2016-08-31,11373.1891
2016-09-07,11387.2833
2016-09-14,11420.7448
2016-09-21,11355.0457
2016-09-28,11350.3901
2016-10-05,11369.5913
2016-10-12,11369.9291
2016-10-19,11364.6425
2016-10-26,11398.6457
2016-11-02,11390.2638
2016-11-09,11418.4535
2016-11-16,11440.7187
2016-11-23,11429.9807
2016-11-30,11432.3022
2016-12-07,11444.8116
2016-12-14,11479.9686
2016-12-21,11466.8204
2016-12-28,11493.5977
2017-01-04,11538.1331
2017-01-11,11508.0785
2017-01-18,11540.3819
2017-01-25,11516.746
2017-02-01,11576.0919
2017-02-08,11541.8496
2017-02-15,11568.5684
2017-02-22,11569.0459
2017-03-01,11620.5334
2017-03-08,11601.1103
2017-03-15,11663.8127
2017-03-22,11639.8689
2017-03-29,11607.084
2017-04-05,11654.9396
2017-04-12,11665.5895
2017-04-19,11673.8528
2017-04-26,11673.3227
2017-05-03,11671.4392
2017-05-10,11701.9416
2017-05-17,11723.038
2017-05-24,11747.8635
2017-05-31,11742.9464
2017-06-07,11727.176
2017-06-14,11714.0958
2017-06-21,11715.84
2017-06-28,11705.9957
2017-07-05,11762.8179
2017-07-12,11747.6133
2017-07-19,11764.9036
2017-07-26,11799.0709
2017-08-02,11803.8347
2017-08-09,11801.1385
2017-08-16,11827.0607
2017-08-23,11827.8908
2017-08-30,11811.1693
2017-09-06,11851.3769
2017-09-13,11859.7907
2017-09-20,11870.3966
2017-09-27,11873.5722
2017-10-04,11939.3931
2017-10-11,11947.0866
2017-10-18,11899.5177
2017-10-25,11946.0256
2017-11-01,11985.1971
2017-11-08,11952.9332
2017-11-15,11958.4666
2017-11-22,11957.6071
2017-11-29,11921.7448
2017-12-06,11978.9574
2017-12-13,11973.7875
2017-12-20,11970.2081
2017-12-27,11972.6785
2018-01-03,11981.9932
2018-01-10,11971.1508
2018-01-17,11996.8159
2018-01-24,11988.4278
2018-01-31,12020.6951
2018-02-07,11963.9531
2018-02-14,11958.5992
2018-02-21,11973.7514
2018-02-28,12045.8006
2018-03-07,12001.419
2018-03-14,12024.2252
2018-03-21,11954.9772
2018-03-28,12013.3553
2018-04-04,12062.1398
2018-04-11,12084.0899
2018-04-18,12074.1617
2018-04-25,12101.0741
2018-05-02,12068.1375
2018-05-09,12093.2613
2018-05-16,12080.9601
2018-05-23,12131.2252
2018-05-30,12148.0362
2018-06-06,12143.4948
2018-06-13,12143.9992
2018-06-20,12155.856
2018-06-27,12174.1817
2018-07-04,12214.2063
2018-07-11,12184.4337
2018-07-18,12173.5711
2018-07-25,12224.2536
2018-08-01,12236.1741
2018-08-08,12213.8599
2018-08-15,12236.1324
2018-08-22,12232.4385
2018-08-29,12217.4233
2018-09-05,12231.3693
2018-09-12,12231.0589
2018-09-19,12258.4569
2018-09-26,12308.8689
2018-10-03,12300.4307
2018-10-10,12314.6544
2018-10-17,12288.058
2018-10-24,12310.0852
2018-10-31,12305.8506
2018-11-07,12264.1509
2018-11-14,12282.358
2018-11-21,12286.6561
2018-11-28,12313.217
2018-12-05,12393.4545
2018-12-12,12349.3799
2018-12-19,12393.1237
2018-12-26,12471.396
2019-01-02,12478.9478
2019-01-09,12479.4508
2019-01-16,12448.8978
2019-01-23,12505.8946
2019-01-30,12453.2171
2019-02-06,12502.1312
2019-02-13,12474.7275
2019-02-20,12519.8988
2019-02-27,12537.1245
2019-03-06,12564.7108
2019-03-13,12554.2657
2019-03-20,12563.3157
2019-03-27,12584.7781
2019-04-03,12600.1906
2019-04-10,12614.5821
2019-04-17,12595.1934
2019-04-24,12626.2916
2019-05-01,12667.4006
2019-05-08,12642.8086
2019-05-15,12710.4386
2019-05-22,12664.1054
2019-05-29,12677.5763
2019-06-05,12712.8104
2019-06-12,12730.0901
2019-06-19,12755.0976
2019-06-26,12804.6741
2019-07-03,12788.8847
2019-07-10,12741.6833
2019-07-17,12771.7244
2019-07-24,12801.1193
2019-07-31,12822.0991
2019-08-07,12832.7682
2019-08-14,12811.4799
2019-08-21,12812.7981
2019-08-28,12841.4287
2019-09-04,12892.0023
2019-09-11,12863.6224
2019-09-18,12903.2305
2019-09-25,12976.0237
2019-10-02,13042.3724
2019-10-09,13037.0975
2019-10-16,13066.862
2019-10-23,13061.3491
2019-10-30,13038.4416
2019-11-06,13098.4486
2019-11-13,13143.3759
2019-11-20,13153.1876
2019-11-27,13195.9116
2019-12-04,13183.4483
2019-12-11,13217.701
2019-12-18,13214.5751
2019-12-25,13218.5982
2020-01-01,13219.4498
2020-01-08,13282.7589
2020-01-15,13316.3157
2020-01-22,13303.9423
2020-01-29,13284.3326
2020-02-05,13321.7004
2020-02-12,13316.746
2020-02-19,13391.1441
2020-02-26,13377.1415
2020-03-04,13467.2074
2020-03-11,13511.3583
2020-03-18,13760.108
2020-03-25,14082.4358
2020-04-01,14238.6829
2020-04-08,14255.0206
2020-04-15,14599.0245
2020-04-22,14864.6275
2020-04-29,14989.4233
2020-05-06,15144.993
2020-05-13,15244.8916
2020-05-20,15300.7291
2020-05-27,15348.4439
2020-06-03,15346.8477
2020-06-10,15416.5939
2020-06-17,15493.9731
2020-06-24,15553.4923
2020-07-01,15536.614
2020-07-08,15572.7811
2020-07-15,15579.0381
2020-07-22,15481.9138
2020-07-29,15434.8931
2020-08-05,15505.5605
2020-08-12,15508.5602
2020-08-19,15533.1295
2020-08-26,15540.568
2020-09-02,15585.4503
2020-09-09,15642.77
2020-09-16,15718.7065
2020-09-23,15707.6536
2020-09-30,15689.3304
2020-10-07,15689.3663
2020-10-14,15795.8391
2020-10-21,15788.9957
2020-10-28,15831.7388
2020-11-04,15883.0456
2020-11-11,15889.5115
2020-11-18,15912.3913
2020-11-25,15997.757
2020-12-02,15992.798
2020-12-09,16026.6272
2020-12-16,16065.2831
2020-12-23,16064.8434
2020-12-30,16111.0685
2021-01-06,16155.8056
2021-01-13,16195.5346
2021-01-20,16190.3745
2021-01-27,16277.2757
2021-02-03,16298.5089
2021-02-10,16341.6762
2021-02-17,16437.816
2021-02-24,16444.5113
2021-03-03,16496.0285
2021-03-10,16569.852
2021-03-17,16720.8165
2021-03-24,16691.0964
2021-03-31,16684.8722
2021-04-07,16779.9926
2021-04-14,16845.3929
2021-04-21,16861.9356
2021-04-28,16948.5559
2021-05-05,17003.62
2021-05-12,17071.3393
2021-05-19,17064.245
2021-05-26,17048.4907
2021-06-02,17056.0488
2021-06-09,17146.4068
2021-06-16,17095.3153
2021-06-23,17083.0161
2021-06-30,17042.1202
2021-07-07,17113.8569
2021-07-14,17175.5505
2021-07-21,17246.3651
2021-07-28,17239.8235
2021-08-04,17273.1704
2021-08-11,17313.7543
2021-08-18,17385.3548
2021-08-25,17431.75
2021-09-01,17486.8715
2021-09-08,17464.8761
2021-09-15,17543.556
2021-09-22,17515.3355
2021-09-29,17551.6027
2021-10-06,17591.1758
2021-10-13,17613.3265
2021-10-20,17668.3407
2021-10-27,17712.717
2021-11-03,17739.7861
2021-11-10,17779.7278
2021-11-17,17821.925
2021-11-24,17872.8463
2021-12-01,17917.0455
2021-12-08,17912.6921
2021-12-15,17958.2496
2021-12-22,17994.7167
2021-12-29,17955.5199
2022-01-05,18007.4401
2022-01-12,18027.9825
2022-01-19,18068.5299
2022-01-26,18055.1215
2022-02-02,18040.2167
2022-02-09,18064.0229
2022-02-16,18046.4006
2022-02-23,18130.5388
2022-03-02,18124.3095
2022-03-09,18127.8169
2022-03-16,18104.9758
2022-03-23,18049.2405
2022-03-30,18068.7001
2022-04-06,18141.616
2022-04-13,18158.3536
2022-04-20,18048.8193
2022-04-27,18091.8491
2022-05-04,18062.1183
2022-05-11,18015.1409
2022-05-18,18034.8844
2022-05-25,18106.4793
2022-06-01,18078.5222
2022-06-08,18006.7712
2022-06-15,17988.7664
2022-06-22,18046.1058
2022-06-29,17998.5564
2022-07-06,17979.628
2022-07-13,17981.2883
2022-07-20,18015.1298
2022-07-27,18062.1876
2022-08-03,17994.6265
2022-08-10,18013.6496
2022-08-17,18016.6304
2022-08-24,18033.2538
2022-08-31,17999.8148
2022-09-07,17932.146
2022-09-14,17949.4016
2022-09-21,17934.8029
2022-09-28,17896.4898
2022-10-05,17814.0655
2022-10-12,17796.4599
2022-10-19,17773.9233
2022-10-26,17809.4325
2022-11-02,17736.5868
2022-11-09,17755.5419
2022-11-16,17763.3248
2022-11-23,17782.0325
2022-11-30,17720.4177
2022-12-07,17804.763
2022-12-14,17803.575
2022-12-21,17824.9072
2022-12-28,17799.4848
2023-01-04,17811.7922
2023-01-11,17758.1716
2023-01-18,17783.719
2023-01-25,17780.643
2023-02-01,17750.3755
2023-02-08,17695.3936
2023-02-15,17693.8022
2023-02-22,17690.5904
2023-03-01,17663.8844
2023-03-08,17601.3325
2023-03-15,17502.9226
